0.0000077212,0.0000064347,0.0000054953
0.0000077212,0.0000064542,0.0000054953
0.0000077212,0.0000064645,0.0000054953
0.0000077212,0.0000064930,0.0000054953
0.0000077212,0.0000065300,0.0000054953
0.0000077212,0.0000065558,0.0000054953
0.0000077212,0.0000066149,0.0000057404
0.0000077212,0.0000066227,0.0000057404
0.0000077212,0.0000066178,0.0000057404
0.0000077212,0.0000066092,0.0000057404
0.0000077212,0.0000066625,0.0000058043
0.0000077212,0.0000066863,0.0000058043
0.0000077212,0.0000066842,0.0000056397
0.0000078595,0.0000067421,0.0000058247
0.0000078595,0.0000067442,0.0000058247
0.0000078595,0.0000067474,0.0000058247
0.0000078595,0.0000067523,0.0000058247
0.0000078595,0.0000067882,0.0000058247
0.0000078595,0.0000067834,0.0000054219
0.0000078595,0.0000067928,0.0000054219
0.0000078595,0.0000068339,0.0000054219
0.0000078595,0.0000068594,0.0000054219
0.0000078595,0.0000068344,0.0000054219
0.0000078595,0.0000068241,0.0000054219
0.0000078595,0.0000068393,0.0000054219
0.0000078595,0.0000069027,0.0000054219
0.0000078595,0.0000068875,0.0000054219
0.0000078595,0.0000069103,0.0000054219
0.0000078595,0.0000069179,0.0000054219
0.0000078595,0.0000069415,0.0000054219
0.0000078595,0.0000069617,0.0000054219
0.0000078595,0.0000070232,0.0000058045
0.0000078595,0.0000070255,0.0000058045
0.0000078595,0.0000070847,0.0000058045
0.0000078595,0.0000071211,0.0000058045
0.0000078595,0.0000071726,0.0000058045
0.0000078595,0.0000071530,0.0000058045
0.0000078595,0.0000071537,0.0000058484
0.0000078595,0.0000071623,0.0000058484
0.0000078595,0.0000072053,0.0000058484
0.0000078595,0.0000071903,0.0000058484
0.0000078595,0.0000071705,0.0000058484
0.0000078595,0.0000071394,0.0000058484
0.0000078595,0.0000071887,0.0000058484
0.0000078595,0.0000072689,0.0000060882
0.0000078595,0.0000073290,0.0000060882
0.0000078595,0.0000073713,0.0000060882
0.0000078595,0.0000073760,0.0000061849
0.0000078595,0.0000073684,0.0000060954
0.0000078595,0.0000074143,0.0000060954
0.0000078595,0.0000074347,0.0000060954
0.0000078595,0.0000074442,0.0000060954
0.0000078595,0.0000074847,0.0000060954
0.0000078595,0.0000074765,0.0000060954
0.0000078595,0.0000074367,0.0000060745
0.0000078595,0.0000075062,0.0000060954
0.0000078595,0.0000074928,0.0000060954
0.0000078595,0.0000075257,0.0000060954
0.0000078595,0.0000075200,0.0000061849
0.0000078595,0.0000075137,0.0000059986
0.0000078595,0.0000074713,0.0000059273
0.0000078595,0.0000074530,0.0000056790
0.0000078595,0.0000075007,0.0000056790
0.0000078595,0.0000074859,0.0000056790
0.0000078595,0.0000074597,0.0000056790
0.0000078595,0.0000074513,0.0000056790
0.0000078595,0.0000073949,0.0000056790
0.0000078595,0.0000074526,0.0000056790
0.0000078595,0.0000074689,0.0000060194
0.0000078595,0.0000074239,0.0000057514
0.0000078595,0.0000073709,0.0000057514
0.0000078595,0.0000073963,0.0000057514
0.0000078595,0.0000073742,0.0000057514
0.0000078595,0.0000073678,0.0000057514
0.0000078595,0.0000073609,0.0000055611
0.0000078595,0.0000074391,0.0000055611
0.0000078595,0.0000074574,0.0000058342
0.0000078595,0.0000074476,0.0000058342
0.0000078595,0.0000074467,0.0000058342
0.0000078595,0.0000074995,0.0000058342
0.0000078595,0.0000074799,0.0000058342
0.0000078595,0.0000075165,0.0000058342
0.0000078595,0.0000075577,0.0000061455
0.0000078595,0.0000075315,0.0000062266
0.0000078595,0.0000074878,0.0000059142
0.0000078595,0.0000075506,0.0000062266
0.0000078595,0.0000075136,0.0000057506
0.0000078595,0.0000075750,0.0000057506
0.0000078595,0.0000075265,0.0000057506
0.0000078595,0.0000075024,0.0000055909
0.0000078595,0.0000075111,0.0000055909
0.0000078595,0.0000075654,0.0000055909
0.0000078595,0.0000074953,0.0000052035
0.0000078595,0.0000075407,0.0000052035
0.0000078595,0.0000076241,0.0000060030
0.0000078595,0.0000075951,0.0000055935
0.0000078595,0.0000075590,0.0000055935
0.0000078595,0.0000075994,0.0000055935
0.0000078595,0.0000075313,0.0000055935
0.0000078595,0.0000075329,0.0000055935
0.0000078595,0.0000075290,0.0000055935
0.0000078595,0.0000074990,0.0000055935
0.0000078595,0.0000075054,0.0000055935
0.0000078595,0.0000075286,0.0000055935
0.0000078595,0.0000074980,0.0000055935
0.0000078595,0.0000074925,0.0000060030
0.0000078595,0.0000075465,0.0000060410
0.0000078595,0.0000075227,0.0000060410
0.0000078595,0.0000074780,0.0000057033
0.0000078595,0.0000074919,0.0000057033
0.0000078595,0.0000074404,0.0000055336
0.0000078595,0.0000074145,0.0000055336
0.0000078595,0.0000073749,0.0000055336
0.0000078595,0.0000073852,0.0000055336
0.0000078595,0.0000073871,0.0000057033
0.0000078595,0.0000074347,0.0000057033
0.0000078595,0.0000074023,0.0000057033
0.0000078595,0.0000073871,0.0000057033
0.0000078595,0.0000074620,0.0000059252
0.0000078595,0.0000075370,0.0000061548
0.0000078595,0.0000075647,0.0000061548
0.0000078595,0.0000075154,0.0000061548
0.0000078595,0.0000074821,0.0000059460
0.0000078595,0.0000074653,0.0000059460
0.0000078595,0.0000074404,0.0000059460
0.0000078595,0.0000074411,0.0000059173
0.0000078595,0.0000074679,0.0000059775
0.0000078595,0.0000074535,0.0000059330
0.0000078595,0.0000074639,0.0000060655
0.0000078595,0.0000074702,0.0000060655
0.0000078595,0.0000075291,0.0000060655
0.0000078595,0.0000075070,0.0000057268
0.0000078595,0.0000074743,0.0000057268
0.0000078595,0.0000074624,0.0000057268
0.0000078595,0.0000074679,0.0000057268
0.0000078595,0.0000074435,0.0000054798
0.0000078595,0.0000074492,0.0000056484
0.0000078595,0.0000074615,0.0000056484
0.0000078595,0.0000074209,0.0000056484
0.0000078595,0.0000074173,0.0000056484
0.0000078595,0.0000073732,0.0000056484
0.0000078595,0.0000073566,0.0000056484
0.0000078595,0.0000073648,0.0000056484
0.0000078595,0.0000073571,0.0000056484
0.0000078595,0.0000073716,0.0000056484
0.0000078595,0.0000073849,0.0000055894
0.0000078595,0.0000073328,0.0000055894
0.0000078595,0.0000073209,0.0000055894
0.0000078595,0.0000073141,0.0000055894
0.0000078595,0.0000073167,0.0000055894
0.0000078595,0.0000073791,0.0000055894
0.0000078595,0.0000073453,0.0000055894
0.0000078595,0.0000073140,0.0000055894
0.0000078595,0.0000072823,0.0000055894
0.0000078595,0.0000072881,0.0000055894
0.0000078595,0.0000073534,0.0000056333
0.0000078595,0.0000074307,0.0000056809
0.0000078595,0.0000073957,0.0000056697
0.0000078595,0.0000073845,0.0000056697
0.0000078595,0.0000073507,0.0000056697
0.0000078595,0.0000073872,0.0000056697
0.0000078595,0.0000073444,0.0000055968
0.0000078595,0.0000073520,0.0000055968
0.0000078595,0.0000074344,0.0000058485
0.0000078595,0.0000074836,0.0000058485
0.0000078595,0.0000074925,0.0000058485
0.0000078595,0.0000075325,0.0000058485
0.0000078595,0.0000075578,0.0000058485
0.0000078595,0.0000075233,0.0000058485
0.0000078595,0.0000074921,0.0000057587
0.0000078595,0.0000074578,0.0000057562
0.0000078595,0.0000074407,0.0000057562
0.0000078595,0.0000074629,0.0000057562
0.0000078595,0.0000074700,0.0000057587
0.0000078595,0.0000074933,0.0000057587
0.0000078595,0.0000074683,0.0000058485
0.0000078595,0.0000074441,0.0000058111
0.0000078595,0.0000074602,0.0000058111
0.0000078595,0.0000074444,0.0000058485
0.0000078595,0.0000074969,0.0000058485
0.0000078595,0.0000075176,0.0000058485
0.0000078595,0.0000075534,0.0000060563
0.0000078595,0.0000076012,0.0000060563
0.0000078595,0.0000076042,0.0000060563
0.0000078595,0.0000075895,0.0000060563
0.0000078595,0.0000075562,0.0000060470
0.0000078595,0.0000075392,0.0000059872
0.0000078595,0.0000076114,0.0000059872
0.0000078595,0.0000075763,0.0000058017
0.0000078595,0.0000075876,0.0000059872
0.0000078595,0.0000075677,0.0000055627
0.0000078595,0.0000075404,0.0000055051
0.0000078595,0.0000075402,0.0000055627
0.0000078595,0.0000075119,0.0000055627
0.0000078595,0.0000074975,0.0000060136
0.0000078595,0.0000075355,0.0000060136
0.0000078595,0.0000074802,0.0000053864
0.0000078595,0.0000074789,0.0000053864
0.0000078595,0.0000074545,0.0000053864
0.0000078595,0.0000074905,0.0000053864
0.0000078595,0.0000074544,0.0000053864
0.0000078595,0.0000075153,0.0000053864
0.0000078595,0.0000074440,0.0000053864
0.0000078595,0.0000074647,0.0000053864
0.0000078595,0.0000074296,0.0000053864
0.0000078595,0.0000074318,0.0000053864
0.0000078595,0.0000075032,0.0000053864
0.0000078595,0.0000075351,0.0000053864
0.0000078595,0.0000075351,0.0000053864
0.0000078595,0.0000075129,0.0000053864
0.0000078595,0.0000074544,0.0000053864
0.0000078595,0.0000074194,0.0000053864
0.0000078595,0.0000074702,0.0000053864
0.0000078595,0.0000075492,0.0000053864
0.0000078595,0.0000075088,0.0000053864
0.0000078595,0.0000074604,0.0000053864
0.0000078595,0.0000074588,0.0000053864
0.0000078595,0.0000074476,0.0000053864
0.0000078595,0.0000074848,0.0000053864
0.0000078595,0.0000074687,0.0000053652
0.0000078595,0.0000074692,0.0000053652
0.0000078595,0.0000074877,0.0000053652
0.0000078595,0.0000075459,0.0000053652
0.0000078595,0.0000075212,0.0000053652
0.0000078595,0.0000075157,0.0000053652
0.0000078595,0.0000074821,0.0000053652
0.0000078595,0.0000075243,0.0000053652
0.0000078595,0.0000075556,0.0000053652
0.0000078595,0.0000075391,0.0000053652
0.0000078595,0.0000075742,0.0000053652
0.0000078595,0.0000075987,0.0000053652
0.0000078595,0.0000075401,0.0000053652
0.0000078595,0.0000075155,0.0000053652
0.0000078595,0.0000074925,0.0000058501
0.0000078595,0.0000074779,0.0000058501
0.0000078595,0.0000074664,0.0000058501
0.0000078595,0.0000075069,0.0000058501
0.0000078595,0.0000075019,0.0000058501
0.0000078595,0.0000074523,0.0000058501
0.0000078595,0.0000074533,0.0000055998
0.0000078595,0.0000074618,0.0000055998
0.0000078595,0.0000074968,0.0000055998
0.0000078595,0.0000074510,0.0000054647
0.0000078595,0.0000074251,0.0000055998
0.0000078595,0.0000075125,0.0000058501
0.0000078595,0.0000074968,0.0000058501
0.0000078595,0.0000074880,0.0000058501
0.0000078595,0.0000074724,0.0000058501
0.0000078595,0.0000074569,0.0000058501
0.0000078595,0.0000074707,0.0000058501
0.0000078595,0.0000074610,0.0000058501
0.0000078595,0.0000074727,0.0000058501
0.0000078595,0.0000074281,0.0000056771
0.0000078595,0.0000074717,0.0000058501
0.0000078595,0.0000074513,0.0000057308
0.0000078595,0.0000074612,0.0000057308
0.0000078595,0.0000074433,0.0000057308
0.0000078595,0.0000074228,0.0000057308
0.0000078595,0.0000074072,0.0000057308
0.0000078595,0.0000073999,0.0000057308
0.0000078595,0.0000073919,0.0000057308
0.0000078595,0.0000073547,0.0000057308
0.0000078595,0.0000073535,0.0000057308
0.0000078595,0.0000073555,0.0000057308
0.0000078595,0.0000073383,0.0000057269
0.0000078595,0.0000073026,0.0000057269
0.0000078595,0.0000073227,0.0000057269
0.0000078595,0.0000073229,0.0000057269
0.0000078595,0.0000073247,0.0000057269
0.0000078595,0.0000073979,0.0000057269
0.0000078595,0.0000074039,0.0000057269
0.0000078595,0.0000073733,0.0000057269
0.0000078595,0.0000073421,0.0000057269
0.0000078595,0.0000073345,0.0000057269
0.0000078595,0.0000073885,0.0000057269
0.0000078595,0.0000073785,0.0000057269
0.0000078595,0.0000073609,0.0000057269
0.0000078595,0.0000073098,0.0000054656
0.0000078595,0.0000072752,0.0000054656
0.0000078595,0.0000072910,0.0000054656
0.0000078595,0.0000073389,0.0000057269
0.0000078595,0.0000073938,0.0000057269
0.0000078595,0.0000074733,0.0000059632
0.0000078595,0.0000075212,0.0000059632
0.0000078595,0.0000075440,0.0000059632
0.0000078595,0.0000075366,0.0000059310
0.0000078595,0.0000075022,0.0000059310
0.0000078595,0.0000074585,0.0000059310
0.0000078595,0.0000075086,0.0000059310
0.0000078595,0.0000075839,0.0000059632
0.0000078595,0.0000075178,0.0000059632
0.0000078595,0.0000074888,0.0000059632
0.0000078595,0.0000074605,0.0000058148
0.0000078595,0.0000074248,0.0000056695
0.0000078595,0.0000073945,0.0000056695
0.0000078595,0.0000073895,0.0000056695
0.0000078595,0.0000074016,0.0000056695
0.0000078595,0.0000074711,0.0000056695
0.0000078595,0.0000074492,0.0000056695
0.0000078595,0.0000075330,0.0000061351
0.0000078595,0.0000075496,0.0000061351
0.0000078595,0.0000076089,0.0000064241
0.0000078595,0.0000075810,0.0000057576
0.0000078595,0.0000075461,0.0000057576
0.0000078595,0.0000074701,0.0000057576
0.0000078595,0.0000074330,0.0000057576
0.0000078595,0.0000074273,0.0000057576
0.0000078595,0.0000074927,0.0000057576
0.0000078595,0.0000074833,0.0000060585
0.0000078595,0.0000075166,0.0000060585
0.0000078595,0.0000075472,0.0000060585
0.0000078595,0.0000076025,0.0000060585
0.0000078595,0.0000076320,0.0000060585
0.0000078595,0.0000075568,0.0000058108
0.0000078595,0.0000075315,0.0000058108
0.0000078595,0.0000075058,0.0000059711
0.0000078595,0.0000075015,0.0000054852
0.0000078595,0.0000075490,0.0000059725
0.0000078595,0.0000075577,0.0000059725
0.0000078595,0.0000075279,0.0000059725
0.0000078595,0.0000075050,0.0000059699
0.0000078595,0.0000075391,0.0000059699
0.0000078595,0.0000075716,0.0000059699
0.0000078595,0.0000075257,0.0000059074
0.0000078595,0.0000075719,0.0000059074
0.0000078595,0.0000076176,0.0000059074
0.0000078595,0.0000075773,0.0000058175
0.0000078595,0.0000075963,0.0000058175
0.0000078595,0.0000075314,0.0000058175
0.0000078595,0.0000075472,0.0000059074
0.0000078595,0.0000076069,0.0000059074
0.0000078595,0.0000076069,0.0000059074
0.0000078595,0.0000075961,0.0000059074
0.0000078595,0.0000076089,0.0000059074
0.0000078595,0.0000075925,0.0000059074
0.0000078595,0.0000075315,0.0000059074
0.0000078595,0.0000075850,0.0000061801
0.0000078595,0.0000075487,0.0000061801
0.0000078595,0.0000075297,0.0000061487
0.0000078595,0.0000074561,0.0000057973
0.0000078595,0.0000075171,0.0000057973
0.0000078595,0.0000074933,0.0000060002
0.0000078595,0.0000075211,0.0000060002
0.0000078595,0.0000074923,0.0000059950
0.0000078595,0.0000075210,0.0000059950
0.0000078595,0.0000075189,0.0000057974
0.0000078595,0.0000075373,0.0000057974
0.0000078595,0.0000075373,0.0000057974
0.0000078595,0.0000075835,0.0000057974
0.0000078595,0.0000075835,0.0000057974
0.0000078595,0.0000075764,0.0000057974
0.0000078595,0.0000075570,0.0000059950
0.0000078595,0.0000075829,0.0000062031
0.0000078595,0.0000076448,0.0000062431
0.0000078595,0.0000076231,0.0000062431
0.0000078595,0.0000076290,0.0000060251
0.0000078595,0.0000076201,0.0000060251
0.0000078595,0.0000076644,0.0000060251
0.0000078595,0.0000076727,0.0000062950
0.0000078595,0.0000077010,0.0000062950
0.0000078595,0.0000076835,0.0000062950
0.0000078595,0.0000076170,0.0000058846
0.0000078595,0.0000076361,0.0000064002
0.0000078595,0.0000075948,0.0000061440
0.0000078595,0.0000075890,0.0000059497
0.0000078595,0.0000075890,0.0000059497
0.0000078595,0.0000076473,0.0000059497
0.0000078595,0.0000075929,0.0000059497
0.0000078595,0.0000075279,0.0000056210
0.0000078595,0.0000075039,0.0000056210
0.0000078595,0.0000074652,0.0000056210
0.0000078595,0.0000074526,0.0000056210
0.0000078595,0.0000075195,0.0000056210
0.0000078595,0.0000075388,0.0000056210
0.0000078595,0.0000075747,0.0000056210
0.0000078595,0.0000076077,0.0000056210
0.0000078595,0.0000075574,0.0000056210
0.0000078595,0.0000075538,0.0000056210
0.0000078595,0.0000076033,0.0000056210
0.0000078595,0.0000075799,0.0000058042
0.0000078595,0.0000075376,0.0000058042
0.0000078595,0.0000075081,0.0000058042
0.0000078595,0.0000074765,0.0000058042
0.0000078595,0.0000074580,0.0000058042
0.0000078595,0.0000073922,0.0000058042
0.0000078595,0.0000073939,0.0000058042
0.0000078595,0.0000073830,0.0000058042
0.0000078595,0.0000074358,0.0000058042
0.0000078595,0.0000073994,0.0000058042
0.0000078595,0.0000073336,0.0000053759
0.0000078595,0.0000073218,0.0000053759
0.0000078595,0.0000073410,0.0000053759
0.0000078595,0.0000074220,0.0000053759
0.0000078595,0.0000074152,0.0000053759
0.0000078595,0.0000074441,0.0000053759
0.0000078595,0.0000074698,0.0000053759
0.0000078595,0.0000074411,0.0000053759
0.0000078595,0.0000074890,0.0000053759
0.0000078595,0.0000074423,0.0000053759
0.0000078595,0.0000074269,0.0000053759
0.0000078595,0.0000074036,0.0000053759
0.0000078595,0.0000074036,0.0000053759
0.0000078595,0.0000074262,0.0000053759
0.0000078595,0.0000074114,0.0000053759
0.0000078595,0.0000073907,0.0000053759
0.0000078595,0.0000074194,0.0000053759
0.0000078595,0.0000074116,0.0000056064
0.0000078595,0.0000074233,0.0000056064
0.0000078595,0.0000074233,0.0000056064
0.0000078595,0.0000074139,0.0000056064
0.0000078595,0.0000074444,0.0000056064
0.0000078595,0.0000074228,0.0000056064
0.0000078595,0.0000074781,0.0000056064
0.0000078595,0.0000075077,0.0000056064
0.0000078595,0.0000075314,0.0000056064
0.0000078595,0.0000075314,0.0000056064
0.0000078595,0.0000075478,0.0000060534
0.0000078595,0.0000076131,0.0000060891
0.0000078595,0.0000075770,0.0000056094
0.0000078595,0.0000075392,0.0000056094
0.0000078595,0.0000075262,0.0000056094
0.0000078595,0.0000075004,0.0000056094
0.0000078595,0.0000074817,0.0000056094
0.0000078595,0.0000075267,0.0000060891
0.0000078595,0.0000075002,0.0000060782
0.0000078595,0.0000074703,0.0000060782
0.0000078595,0.0000074329,0.0000060782
0.0000078595,0.0000074369,0.0000060910
0.0000078595,0.0000075007,0.0000060910
0.0000078595,0.0000074563,0.0000059551
0.0000078595,0.0000074736,0.0000059551
0.0000078595,0.0000074253,0.0000057238
0.0000078595,0.0000074013,0.0000057238
0.0000078595,0.0000074024,0.0000057238
0.0000078595,0.0000074645,0.0000057238
0.0000078595,0.0000074263,0.0000057238
0.0000078595,0.0000074227,0.0000057238
0.0000078595,0.0000074306,0.0000057032
0.0000078595,0.0000074339,0.0000059551
0.0000078595,0.0000074497,0.0000059551
0.0000078595,0.0000074371,0.0000059551
0.0000078595,0.0000074140,0.0000059551
0.0000078595,0.0000073899,0.0000059551
0.0000078595,0.0000073904,0.0000059551
0.0000078595,0.0000074230,0.0000059551
0.0000078595,0.0000073837,0.0000059551
0.0000078595,0.0000073460,0.0000059551
0.0000078595,0.0000073624,0.0000059551
0.0000078595,0.0000073614,0.0000058633
0.0000078595,0.0000073598,0.0000058763
0.0000078595,0.0000073192,0.0000058763
0.0000078595,0.0000073437,0.0000058763
0.0000078595,0.0000073447,0.0000058763
0.0000078595,0.0000073721,0.0000058763
0.0000078595,0.0000073591,0.0000058763
0.0000078595,0.0000074218,0.0000058763
0.0000078595,0.0000074681,0.0000058763
0.0000078595,0.0000074703,0.0000058763
0.0000078595,0.0000075099,0.0000059061
0.0000078595,0.0000074764,0.0000059061
0.0000078595,0.0000074445,0.0000059061
0.0000078595,0.0000075011,0.0000059061
0.0000078595,0.0000075674,0.0000059061
0.0000078595,0.0000075442,0.0000059061
0.0000078595,0.0000075321,0.0000059061
0.0000078595,0.0000075473,0.0000060381
0.0000078595,0.0000074865,0.0000059894
0.0000078595,0.0000074652,0.0000059894
0.0000078595,0.0000074591,0.0000059573
0.0000078595,0.0000074699,0.0000059573
0.0000078595,0.0000075063,0.0000059573
0.0000078595,0.0000075204,0.0000059573
0.0000078595,0.0000075138,0.0000059063
0.0000078595,0.0000075695,0.0000059063
0.0000078595,0.0000075598,0.0000059063
0.0000078595,0.0000075037,0.0000058188
0.0000078595,0.0000074511,0.0000058188
0.0000078595,0.0000074366,0.0000058188
0.0000078595,0.0000074656,0.0000058188
0.0000078595,0.0000074292,0.0000058188
0.0000078595,0.0000074461,0.0000058188
0.0000078595,0.0000075024,0.0000059063
0.0000078595,0.0000075779,0.0000059594
0.0000078595,0.0000075834,0.0000060873
0.0000078595,0.0000075556,0.0000056536
0.0000078595,0.0000075910,0.0000056536
0.0000078595,0.0000076395,0.0000056536
0.0000078595,0.0000076029,0.0000056536
0.0000078595,0.0000076120,0.0000060158
0.0000078595,0.0000075883,0.0000060158
0.0000078595,0.0000076220,0.0000060158
0.0000078595,0.0000076414,0.0000060158
0.0000078595,0.0000076123,0.0000060158
0.0000078595,0.0000076836,0.0000062099
0.0000078595,0.0000077032,0.0000062099
0.0000078595,0.0000076224,0.0000057583
0.0000078595,0.0000075593,0.0000057583
0.0000078595,0.0000074976,0.0000057583
0.0000078595,0.0000074765,0.0000057583
0.0000078595,0.0000075472,0.0000057583
0.0000078595,0.0000075037,0.0000057583
0.0000078595,0.0000075296,0.0000059191
0.0000078595,0.0000075222,0.0000059191
0.0000078595,0.0000075008,0.0000059191
0.0000078595,0.0000074641,0.0000057247
0.0000078595,0.0000074331,0.0000057247
0.0000078595,0.0000074331,0.0000057247
0.0000078595,0.0000074119,0.0000057247
0.0000078595,0.0000073547,0.0000055952
0.0000078595,0.0000073098,0.0000055952
0.0000078595,0.0000073370,0.0000055952
0.0000078595,0.0000073486,0.0000055952
0.0000078595,0.0000073527,0.0000055952
0.0000078595,0.0000073289,0.0000055952
0.0000078595,0.0000073336,0.0000055952
0.0000078595,0.0000073242,0.0000055952
0.0000078595,0.0000073999,0.0000059304
0.0000078595,0.0000074529,0.0000059304
0.0000078595,0.0000074422,0.0000057427
0.0000078595,0.0000074574,0.0000059304
0.0000078595,0.0000074695,0.0000059304
0.0000078595,0.0000074555,0.0000055970
0.0000078595,0.0000075052,0.0000055970
0.0000078595,0.0000075164,0.0000055970
0.0000078595,0.0000074893,0.0000057075
0.0000078595,0.0000075351,0.0000057075
0.0000078595,0.0000075072,0.0000056457
0.0000078595,0.0000074738,0.0000056457
0.0000078595,0.0000075322,0.0000057075
0.0000078595,0.0000075470,0.0000057075
0.0000078595,0.0000075317,0.0000057075
0.0000078595,0.0000075984,0.0000057075
0.0000078595,0.0000076134,0.0000057075
0.0000078595,0.0000075444,0.0000057075
0.0000078595,0.0000075627,0.0000057075
0.0000078595,0.0000075163,0.0000057075
0.0000078595,0.0000074865,0.0000057075
0.0000078595,0.0000075697,0.0000057075
0.0000078595,0.0000075526,0.0000057075
0.0000078595,0.0000075957,0.0000059975
0.0000078595,0.0000076159,0.0000059975
0.0000078595,0.0000076036,0.0000060002
0.0000078595,0.0000075796,0.0000060002
0.0000078595,0.0000076140,0.0000060002
0.0000078595,0.0000075819,0.0000058668
0.0000078595,0.0000076003,0.0000060002
0.0000078595,0.0000076276,0.0000060002
0.0000078595,0.0000076754,0.0000060002
0.0000078595,0.0000076381,0.0000060002
0.0000078595,0.0000076433,0.0000060002
0.0000078595,0.0000076106,0.0000059810
0.0000078595,0.0000076092,0.0000059810
0.0000078595,0.0000076366,0.0000059810
0.0000078595,0.0000076720,0.0000059810
0.0000078595,0.0000077112,0.0000059810
0.0000078595,0.0000076627,0.0000059810
0.0000078595,0.0000076174,0.0000059810
0.0000078595,0.0000075752,0.0000059810
0.0000078595,0.0000075771,0.0000059810
0.0000078595,0.0000076383,0.0000062213
0.0000078595,0.0000076185,0.0000058088
0.0000078595,0.0000075697,0.0000058088
0.0000078595,0.0000075697,0.0000058088
0.0000078595,0.0000075417,0.0000058088
0.0000078595,0.0000075297,0.0000058088
0.0000078595,0.0000075313,0.0000058088
0.0000078595,0.0000075620,0.0000058088
0.0000078595,0.0000076030,0.0000063075
0.0000078595,0.0000076336,0.0000063075
0.0000078595,0.0000076646,0.0000063794
0.0000078595,0.0000077168,0.0000065122
0.0000078595,0.0000076747,0.0000062250
0.0000078595,0.0000076467,0.0000061517
0.0000078595,0.0000075927,0.0000058449
0.0000078595,0.0000075205,0.0000053455
0.0000078595,0.0000074745,0.0000053455
0.0000078595,0.0000074909,0.0000053455
0.0000078595,0.0000075221,0.0000057334
0.0000078595,0.0000075860,0.0000057334
0.0000078595,0.0000075781,0.0000057334
0.0000078595,0.0000076274,0.0000057334
0.0000078595,0.0000075735,0.0000057334
0.0000078595,0.0000075408,0.0000057334
0.0000078595,0.0000075521,0.0000057334
0.0000078595,0.0000075163,0.0000057334
0.0000078595,0.0000074914,0.0000057334
0.0000078595,0.0000075199,0.0000058244
0.0000078595,0.0000074489,0.0000057527
0.0000078595,0.0000074607,0.0000057527
0.0000078595,0.0000074803,0.0000058449
0.0000078595,0.0000075470,0.0000058449
0.0000078595,0.0000076053,0.0000058449
0.0000078595,0.0000075424,0.0000055649
0.0000078595,0.0000075195,0.0000057366
0.0000078595,0.0000075007,0.0000056995
0.0000078595,0.0000075240,0.0000056995
0.0000078595,0.0000075118,0.0000056995
0.0000078595,0.0000075253,0.0000057749
0.0000078595,0.0000075405,0.0000057749
0.0000078595,0.0000075433,0.0000057749
0.0000078595,0.0000076037,0.0000057749
0.0000078595,0.0000076212,0.0000057749
0.0000078595,0.0000075979,0.0000057749
0.0000078595,0.0000075399,0.0000057749
0.0000078595,0.0000075816,0.0000059688
0.0000078595,0.0000075739,0.0000058065
0.0000078595,0.0000075919,0.0000058065
0.0000078595,0.0000075704,0.0000058065
0.0000078595,0.0000075988,0.0000058065
0.0000078595,0.0000075491,0.0000058065
0.0000078595,0.0000075417,0.0000054345
0.0000078595,0.0000075720,0.0000054345
0.0000078595,0.0000075841,0.0000054345
0.0000078595,0.0000076494,0.0000054345
0.0000078595,0.0000077331,0.0000061510
0.0000078595,0.0000077383,0.0000061510
0.0000078595,0.0000076968,0.0000058203
0.0000078595,0.0000076431,0.0000058203
0.0000078595,0.0000076602,0.0000061510
0.0000078595,0.0000076500,0.0000061495
0.0000078595,0.0000077076,0.0000061510
0.0000078595,0.0000076688,0.0000058539
0.0000078595,0.0000077089,0.0000061510
0.0000078595,0.0000076736,0.0000061510
0.0000078595,0.0000076913,0.0000061510
0.0000078595,0.0000076886,0.0000061510
0.0000078595,0.0000077211,0.0000061510
0.0000078595,0.0000076680,0.0000053563
0.0000078595,0.0000076376,0.0000053563
0.0000078595,0.0000075965,0.0000053563
0.0000078595,0.0000075635,0.0000053563
0.0000078595,0.0000076246,0.0000053563
0.0000078595,0.0000076747,0.0000055574
0.0000078595,0.0000076410,0.0000055574
0.0000078595,0.0000075980,0.0000055574
0.0000078595,0.0000075553,0.0000055574
0.0000078595,0.0000075798,0.0000055574
0.0000078595,0.0000075333,0.0000055574
0.0000078595,0.0000075333,0.0000055574
0.0000078595,0.0000074693,0.0000055574
0.0000078595,0.0000075021,0.0000058546
0.0000078595,0.0000075489,0.0000058546
0.0000078595,0.0000075359,0.0000059679
0.0000078595,0.0000074754,0.0000059679
0.0000078595,0.0000074638,0.0000059679
0.0000078595,0.0000074574,0.0000059679
0.0000078595,0.0000074370,0.0000059679
0.0000078595,0.0000073999,0.0000059679
0.0000078595,0.0000074687,0.0000060508
0.0000078595,0.0000075292,0.0000060508
0.0000078595,0.0000075256,0.0000060508
0.0000078595,0.0000075886,0.0000060508
0.0000078595,0.0000075582,0.0000056839
0.0000078595,0.0000075330,0.0000056839
0.0000078595,0.0000075765,0.0000060508
0.0000078595,0.0000075871,0.0000059358
0.0000078595,0.0000075662,0.0000059358
0.0000078595,0.0000075947,0.0000059358
0.0000078595,0.0000075674,0.0000059358
0.0000078595,0.0000075355,0.0000058308
0.0000078595,0.0000075740,0.0000058308
0.0000078595,0.0000075722,0.0000058308
0.0000078595,0.0000075936,0.0000061718
0.0000078595,0.0000075846,0.0000061718
0.0000078595,0.0000075482,0.0000060920
0.0000078595,0.0000075222,0.0000057828
0.0000078595,0.0000075138,0.0000057828
0.0000078595,0.0000075105,0.0000057828
0.0000078595,0.0000074921,0.0000059919
0.0000078595,0.0000074970,0.0000059919
0.0000078595,0.0000074747,0.0000059501
0.0000078595,0.0000075258,0.0000059501
0.0000078595,0.0000074512,0.0000059501
0.0000078595,0.0000074814,0.0000059501
0.0000078595,0.0000074280,0.0000059232
0.0000078595,0.0000074618,0.0000059232
0.0000078595,0.0000074448,0.0000059232
0.0000078595,0.0000074600,0.0000059232
0.0000078595,0.0000074198,0.0000059232
0.0000078595,0.0000074577,0.0000059232
0.0000078595,0.0000074508,0.0000059232
0.0000078595,0.0000074875,0.0000059232
0.0000078595,0.0000075406,0.0000059232
0.0000078595,0.0000075487,0.0000057977
0.0000078595,0.0000075779,0.0000057977
0.0000078595,0.0000075517,0.0000057977
0.0000078595,0.0000075216,0.0000057977
0.0000078595,0.0000074552,0.0000057977
0.0000078595,0.0000074336,0.0000057977
0.0000078595,0.0000074513,0.0000057977
0.0000078595,0.0000075222,0.0000057977
0.0000078595,0.0000074983,0.0000055842
0.0000078595,0.0000074929,0.0000055842
0.0000078595,0.0000074454,0.0000055842
0.0000078595,0.0000074219,0.0000055842
0.0000078595,0.0000074032,0.0000055476
0.0000078595,0.0000073201,0.0000055476
0.0000078595,0.0000072851,0.0000055476
0.0000078595,0.0000073048,0.0000055842
0.0000078595,0.0000073376,0.0000055842
0.0000079140,0.0000073796,0.0000055842
0.0000079140,0.0000073887,0.0000055842
0.0000079140,0.0000074691,0.0000057239
0.0000079140,0.0000075304,0.0000057239
0.0000079140,0.0000074863,0.0000057239
0.0000079140,0.0000074562,0.0000057327
0.0000079140,0.0000074094,0.0000057327
0.0000079140,0.0000073662,0.0000057327
0.0000079140,0.0000073435,0.0000057327
0.0000079140,0.0000074108,0.0000057327
0.0000079140,0.0000073958,0.0000057327
0.0000079140,0.0000073902,0.0000058625
0.0000079140,0.0000074209,0.0000058625
0.0000079140,0.0000074834,0.0000058625
0.0000079140,0.0000074687,0.0000058625
0.0000079140,0.0000074851,0.0000058625
0.0000079140,0.0000075009,0.0000057523
0.0000081410,0.0000075005,0.0000057523
0.0000081410,0.0000074684,0.0000057523
0.0000081410,0.0000074799,0.0000057523
0.0000081410,0.0000075276,0.0000057523
0.0000081410,0.0000075658,0.0000057523
0.0000081410,0.0000075041,0.0000057523
0.0000081410,0.0000075264,0.0000057523
0.0000081410,0.0000075576,0.0000057523
0.0000081410,0.0000075432,0.0000057523
0.0000081410,0.0000075830,0.0000057523
0.0000081410,0.0000075224,0.0000055188
0.0000081410,0.0000074834,0.0000055188
0.0000081410,0.0000074680,0.0000055188
0.0000081410,0.0000074796,0.0000057523
0.0000081410,0.0000075379,0.0000057523
0.0000081410,0.0000075250,0.0000057523
0.0000081410,0.0000075031,0.0000057523
0.0000081410,0.0000075390,0.0000057523
0.0000081410,0.0000075480,0.0000057523
0.0000081410,0.0000075351,0.0000057523
0.0000081410,0.0000075819,0.0000057523
0.0000081410,0.0000075308,0.0000057523
0.0000081410,0.0000075166,0.0000057523
0.0000081410,0.0000074617,0.0000052767
0.0000081410,0.0000074279,0.0000052767
0.0000081410,0.0000074280,0.0000052767
0.0000081410,0.0000074954,0.0000052767
0.0000081410,0.0000075055,0.0000056590
0.0000081410,0.0000075190,0.0000056590
0.0000081410,0.0000075183,0.0000056590
0.0000081410,0.0000075167,0.0000056590
0.0000081410,0.0000075182,0.0000058523
0.0000081410,0.0000074828,0.0000058523
0.0000081410,0.0000074596,0.0000058523
0.0000081410,0.0000074472,0.0000058523
0.0000081410,0.0000074335,0.0000058523
0.0000081410,0.0000074001,0.0000058523
0.0000081410,0.0000074603,0.0000058523
0.0000081410,0.0000074146,0.0000058523
0.0000081410,0.0000073819,0.0000058523
0.0000081410,0.0000074231,0.0000058523
0.0000081410,0.0000074937,0.0000059384
0.0000081410,0.0000074769,0.0000057993
0.0000081410,0.0000075071,0.0000057993
0.0000081410,0.0000075444,0.0000057993
0.0000081410,0.0000075757,0.0000057993
0.0000081410,0.0000075821,0.0000057993
0.0000081410,0.0000075525,0.0000057993
0.0000081410,0.0000075757,0.0000057993
0.0000081410,0.0000076225,0.0000059384
0.0000081410,0.0000076610,0.0000059384
0.0000081410,0.0000076902,0.0000060979
0.0000081410,0.0000076723,0.0000060449
0.0000081410,0.0000076467,0.0000060449
0.0000081410,0.0000076507,0.0000060449
0.0000081410,0.0000076096,0.0000059334
0.0000081410,0.0000076575,0.0000059334
0.0000081410,0.0000076962,0.0000059334
0.0000081410,0.0000076690,0.0000059334
0.0000081410,0.0000076357,0.0000059296
0.0000081410,0.0000076855,0.0000059296
0.0000081410,0.0000076069,0.0000057428
0.0000081410,0.0000076546,0.0000057428
0.0000081410,0.0000076346,0.0000059296
0.0000081410,0.0000075693,0.0000059296
0.0000081410,0.0000075525,0.0000059296
0.0000081410,0.0000075445,0.0000059296
0.0000081410,0.0000075333,0.0000059296
0.0000081410,0.0000074591,0.0000059296
0.0000081410,0.0000075010,0.0000059296
0.0000081410,0.0000075039,0.0000059656
0.0000081410,0.0000074606,0.0000056496
0.0000081410,0.0000074296,0.0000056496
0.0000081410,0.0000074021,0.0000055931
0.0000081410,0.0000073877,0.0000055931
0.0000081410,0.0000074810,0.0000055931
0.0000081410,0.0000075007,0.0000055931
0.0000081410,0.0000075190,0.0000055931
0.0000081410,0.0000074857,0.0000052699
0.0000081410,0.0000075077,0.0000057551
0.0000081410,0.0000074596,0.0000057551
0.0000081410,0.0000074372,0.0000057551
0.0000081410,0.0000074207,0.0000057551
0.0000081410,0.0000074927,0.0000057551
0.0000081410,0.0000074943,0.0000057551
0.0000081410,0.0000074734,0.0000057551
0.0000081410,0.0000075152,0.0000057551
0.0000081410,0.0000076066,0.0000058565
0.0000081410,0.0000076110,0.0000058565
0.0000081410,0.0000076833,0.0000058565
0.0000081410,0.0000076774,0.0000058565
0.0000081410,0.0000076036,0.0000057963
0.0000081410,0.0000076051,0.0000057963
0.0000081410,0.0000075816,0.0000057963
0.0000081410,0.0000075516,0.0000058565
0.0000081410,0.0000076045,0.0000058565
0.0000081410,0.0000076169,0.0000058565
0.0000081410,0.0000076139,0.0000058737
0.0000081410,0.0000076142,0.0000058737
0.0000081410,0.0000076128,0.0000058905
0.0000081410,0.0000075824,0.0000058905
0.0000081410,0.0000075612,0.0000058905
0.0000081410,0.0000075295,0.0000058905
0.0000081410,0.0000075023,0.0000058905
0.0000081410,0.0000075855,0.0000058905
0.0000081410,0.0000075474,0.0000058905
0.0000081410,0.0000075757,0.0000059138
0.0000081410,0.0000075534,0.0000058884
0.0000081410,0.0000075628,0.0000058623
0.0000081410,0.0000075907,0.0000058884
0.0000081410,0.0000075998,0.0000058884
0.0000081410,0.0000076538,0.0000058884
0.0000081410,0.0000076348,0.0000058884
0.0000081410,0.0000076305,0.0000058884
0.0000081410,0.0000076998,0.0000058884
0.0000081410,0.0000077037,0.0000058884
0.0000081410,0.0000076540,0.0000058884
0.0000081410,0.0000076593,0.0000058884
0.0000081410,0.0000076596,0.0000058884
0.0000081410,0.0000076677,0.0000058884
0.0000081410,0.0000076618,0.0000058884
0.0000081410,0.0000076132,0.0000058884
0.0000081410,0.0000076097,0.0000058884
0.0000081410,0.0000075670,0.0000058884
0.0000081410,0.0000076098,0.0000059163
0.0000081410,0.0000076953,0.0000060887
0.0000081410,0.0000077298,0.0000060887
0.0000081410,0.0000076948,0.0000060887
0.0000081410,0.0000077070,0.0000062162
0.0000081410,0.0000077449,0.0000062162
0.0000081410,0.0000077487,0.0000062162
0.0000081410,0.0000077010,0.0000061915
0.0000081410,0.0000076852,0.0000061915
0.0000081410,0.0000076788,0.0000059902
0.0000081410,0.0000076856,0.0000059902
0.0000081410,0.0000076753,0.0000058046
0.0000081410,0.0000076720,0.0000059902
0.0000081410,0.0000077535,0.0000060168
0.0000081410,0.0000077161,0.0000060168
0.0000081410,0.0000076897,0.0000060168
0.0000081410,0.0000077080,0.0000061060
0.0000081410,0.0000076928,0.0000061996
0.0000081410,0.0000076879,0.0000061630
0.0000081410,0.0000076604,0.0000059234
0.0000081410,0.0000076205,0.0000059234
0.0000081410,0.0000076179,0.0000059234
0.0000081410,0.0000076722,0.0000059234
0.0000081410,0.0000076294,0.0000059234
0.0000081410,0.0000076574,0.0000059234
0.0000081410,0.0000076627,0.0000059234
0.0000081410,0.0000076278,0.0000061006
0.0000081410,0.0000076155,0.0000061006
0.0000081410,0.0000076553,0.0000061006
0.0000081410,0.0000075757,0.0000061006
0.0000081410,0.0000076152,0.0000061006
0.0000081410,0.0000076103,0.0000061006
0.0000081410,0.0000076237,0.0000057635
0.0000081410,0.0000075979,0.0000057635
0.0000081410,0.0000075738,0.0000057635
0.0000081410,0.0000076123,0.0000057635
0.0000081410,0.0000075630,0.0000054812
0.0000081410,0.0000075786,0.0000054812
0.0000081410,0.0000075355,0.0000054812
0.0000081410,0.0000075271,0.0000054812
0.0000081410,0.0000075451,0.0000054812
0.0000081410,0.0000075495,0.0000054812
0.0000081410,0.0000075444,0.0000054812
0.0000081410,0.0000076050,0.0000054812
0.0000081410,0.0000075719,0.0000054812
0.0000081410,0.0000076549,0.0000054812
0.0000081410,0.0000076064,0.0000054812
0.0000081410,0.0000076203,0.0000056444
0.0000081410,0.0000076109,0.0000056444
0.0000081410,0.0000076932,0.0000056444
0.0000081410,0.0000076650,0.0000056444
0.0000081410,0.0000076324,0.0000056444
0.0000081410,0.0000077169,0.0000056444
0.0000081410,0.0000076883,0.0000056444
0.0000081410,0.0000076651,0.0000056444
0.0000081410,0.0000076751,0.0000058008
0.0000081410,0.0000076496,0.0000056512
0.0000081410,0.0000076443,0.0000056512
0.0000081410,0.0000075792,0.0000055628
0.0000081410,0.0000076164,0.0000055628
0.0000081410,0.0000075909,0.0000054469
0.0000081410,0.0000075599,0.0000054469
0.0000081410,0.0000075599,0.0000054469
0.0000081410,0.0000075780,0.0000055628
0.0000081410,0.0000076523,0.0000055628
0.0000081410,0.0000075680,0.0000055628
0.0000081410,0.0000075310,0.0000056512
0.0000081410,0.0000075499,0.0000056512
0.0000081410,0.0000076345,0.0000056512
0.0000081410,0.0000076142,0.0000056512
0.0000081410,0.0000075894,0.0000056512
0.0000081410,0.0000075967,0.0000056512
0.0000081410,0.0000075582,0.0000056512
0.0000081410,0.0000075628,0.0000056512
0.0000081410,0.0000075928,0.0000059529
0.0000081410,0.0000076643,0.0000059529
0.0000081410,0.0000076625,0.0000059529
0.0000081410,0.0000076082,0.0000059529
0.0000081410,0.0000075744,0.0000059529
0.0000081410,0.0000076182,0.0000059807
0.0000081410,0.0000076042,0.0000059807
0.0000081410,0.0000076137,0.0000059807
0.0000081410,0.0000075723,0.0000059494
0.0000081410,0.0000075099,0.0000058577
0.0000081410,0.0000075948,0.0000058577
0.0000081410,0.0000075870,0.0000059807
0.0000081410,0.0000076555,0.0000059807
0.0000081410,0.0000077261,0.0000059807
0.0000081410,0.0000077150,0.0000059807
0.0000081410,0.0000077605,0.0000059807
0.0000081410,0.0000077400,0.0000059807
0.0000081410,0.0000077989,0.0000059807
0.0000081410,0.0000078136,0.0000059807
0.0000081410,0.0000078765,0.0000059807
0.0000081410,0.0000079329,0.0000059807
0.0000081410,0.0000078964,0.0000059807
0.0000081410,0.0000079050,0.0000063539
0.0000081410,0.0000078382,0.0000060630
0.0000081410,0.0000078797,0.0000063539
0.0000081410,0.0000078892,0.0000063539
0.0000081410,0.0000079057,0.0000065376
0.0000081410,0.0000078755,0.0000065376
0.0000081410,0.0000078862,0.0000065376
0.0000081410,0.0000078862,0.0000065376
0.0000081410,0.0000079378,0.0000065376
0.0000081410,0.0000079068,0.0000061404
0.0000081410,0.0000078382,0.0000057843
0.0000081410,0.0000077807,0.0000057843
0.0000081410,0.0000077980,0.0000057843
0.0000081410,0.0000077334,0.0000057843
0.0000081410,0.0000078120,0.0000057843
0.0000081410,0.0000078211,0.0000061259
0.0000081410,0.0000078153,0.0000061259
0.0000081410,0.0000078801,0.0000061259
0.0000081410,0.0000078875,0.0000060837
0.0000081410,0.0000078875,0.0000060837
0.0000081410,0.0000079061,0.0000060837
0.0000081410,0.0000079061,0.0000060837
0.0000081410,0.0000079218,0.0000060837
0.0000081410,0.0000079085,0.0000060701
0.0000081410,0.0000079085,0.0000060701
0.0000081410,0.0000079193,0.0000060701
0.0000081410,0.0000079336,0.0000060701
0.0000081410,0.0000079155,0.0000060701
0.0000081410,0.0000078473,0.0000060701
0.0000081410,0.0000077917,0.0000056948
0.0000081410,0.0000077963,0.0000060701
0.0000081410,0.0000078377,0.0000061047
0.0000081410,0.0000078254,0.0000061047
0.0000081410,0.0000077785,0.0000058347
0.0000081410,0.0000077332,0.0000056407
0.0000081410,0.0000076757,0.0000056407
0.0000081410,0.0000077163,0.0000056407
0.0000081410,0.0000076974,0.0000057500
0.0000081410,0.0000077839,0.0000057500
0.0000081410,0.0000077839,0.0000057500
0.0000081410,0.0000078066,0.0000057500
0.0000081410,0.0000077353,0.0000057500
0.0000081410,0.0000078200,0.0000057500
0.0000081410,0.0000077516,0.0000057500
0.0000081410,0.0000077035,0.0000057500
0.0000081410,0.0000077058,0.0000057500
0.0000081410,0.0000077059,0.0000057500
0.0000081410,0.0000077093,0.0000057500
0.0000081410,0.0000077021,0.0000057500
0.0000081410,0.0000076480,0.0000055946
0.0000081410,0.0000077360,0.0000055946
0.0000081410,0.0000078063,0.0000055946
0.0000081410,0.0000078062,0.0000055946
0.0000081410,0.0000077972,0.0000055946
0.0000081410,0.0000078304,0.0000062217
0.0000081410,0.0000078422,0.0000062217
0.0000081410,0.0000077603,0.0000058635
0.0000081410,0.0000077357,0.0000058635
0.0000081410,0.0000078061,0.0000062217
0.0000081410,0.0000077735,0.0000056043
0.0000081410,0.0000077279,0.0000056043
0.0000081410,0.0000078108,0.0000056043
0.0000081410,0.0000077721,0.0000056043
0.0000081410,0.0000077771,0.0000057973
0.0000081410,0.0000077442,0.0000057973
0.0000081410,0.0000077806,0.0000057973
0.0000081410,0.0000077995,0.0000057973
0.0000081410,0.0000077929,0.0000058014
0.0000081410,0.0000078165,0.0000058014
0.0000081410,0.0000077898,0.0000058014
0.0000081410,0.0000077623,0.0000058014
0.0000081410,0.0000077876,0.0000058014
0.0000081410,0.0000077575,0.0000056056
0.0000081410,0.0000077818,0.0000056056
0.0000081410,0.0000077581,0.0000056056
0.0000083457,0.0000077762,0.0000056056
0.0000083457,0.0000077686,0.0000061568
0.0000083457,0.0000077435,0.0000061568
0.0000083457,0.0000077233,0.0000061568
0.0000083457,0.0000076991,0.0000061568
0.0000083457,0.0000076916,0.0000061568
0.0000083457,0.0000076961,0.0000061614
0.0000083457,0.0000077353,0.0000061614
0.0000083457,0.0000076704,0.0000058507
0.0000083457,0.0000076410,0.0000058507
0.0000083457,0.0000076445,0.0000058507
0.0000083457,0.0000076805,0.0000058507
0.0000083457,0.0000076627,0.0000060948
0.0000083457,0.0000076170,0.0000060948
0.0000083457,0.0000076198,0.0000061289
0.0000083457,0.0000075993,0.0000057753
0.0000083457,0.0000075734,0.0000057753
0.0000083457,0.0000075624,0.0000057250
0.0000083457,0.0000075628,0.0000056596
0.0000083457,0.0000076470,0.0000057753
0.0000083457,0.0000076155,0.0000057753
0.0000083457,0.0000076162,0.0000056423
0.0000083457,0.0000076347,0.0000057753
0.0000083457,0.0000076653,0.0000057753
0.0000083457,0.0000076414,0.0000057753
0.0000083457,0.0000076619,0.0000057753
0.0000083457,0.0000077269,0.0000057753
0.0000083457,0.0000077011,0.0000057564
0.0000083457,0.0000076724,0.0000057564
0.0000083457,0.0000076406,0.0000057564
0.0000083457,0.0000076218,0.0000057564
0.0000083457,0.0000076724,0.0000057564
0.0000083457,0.0000077020,0.0000057564
0.0000083457,0.0000077544,0.0000057564
0.0000083457,0.0000077790,0.0000057564
0.0000083457,0.0000077561,0.0000057564
0.0000083457,0.0000077235,0.0000057564
0.0000083457,0.0000076983,0.0000057564
0.0000083457,0.0000076900,0.0000057564
0.0000083457,0.0000076752,0.0000057564
0.0000083457,0.0000076739,0.0000057564
0.0000083457,0.0000076458,0.0000057564
0.0000083457,0.0000075726,0.0000057564
0.0000083457,0.0000076494,0.0000058761
0.0000083457,0.0000076710,0.0000060305
0.0000083457,0.0000077276,0.0000060305
0.0000083457,0.0000077093,0.0000056769
0.0000083457,0.0000077108,0.0000056769
0.0000083457,0.0000077320,0.0000056769
0.0000083457,0.0000076785,0.0000056769
0.0000083457,0.0000077571,0.0000056769
0.0000083457,0.0000078254,0.0000056769
0.0000083457,0.0000077961,0.0000056769
0.0000083457,0.0000078287,0.0000056769
0.0000083457,0.0000077663,0.0000056769
0.0000083457,0.0000077011,0.0000056769
0.0000083457,0.0000077705,0.0000056769
0.0000083457,0.0000077609,0.0000056769
0.0000083457,0.0000077911,0.0000056769
0.0000083457,0.0000078664,0.0000056987
0.0000083457,0.0000078221,0.0000056987
0.0000083457,0.0000077523,0.0000056987
0.0000083457,0.0000077266,0.0000056987
0.0000083457,0.0000076439,0.0000056987
0.0000083457,0.0000076135,0.0000056987
0.0000083457,0.0000076910,0.0000056987
0.0000083457,0.0000076842,0.0000056987
0.0000083457,0.0000076823,0.0000056987
0.0000083457,0.0000076971,0.0000056987
0.0000083457,0.0000077940,0.0000060367
0.0000083457,0.0000078594,0.0000060367
0.0000083457,0.0000078831,0.0000060367
0.0000083457,0.0000078368,0.0000059799
0.0000083457,0.0000077945,0.0000059799
0.0000083457,0.0000077540,0.0000059799
0.0000083457,0.0000077006,0.0000056480
0.0000083457,0.0000076583,0.0000056480
0.0000083457,0.0000076157,0.0000056480
0.0000083457,0.0000076099,0.0000056496
0.0000083457,0.0000076236,0.0000056496
0.0000083457,0.0000075984,0.0000054832
0.0000083457,0.0000075546,0.0000054832
0.0000083457,0.0000075982,0.0000054832
0.0000083457,0.0000075903,0.0000054832
0.0000083457,0.0000075638,0.0000054832
0.0000083457,0.0000075795,0.0000054832
0.0000083457,0.0000076647,0.0000054832
0.0000083457,0.0000077396,0.0000054832
0.0000083457,0.0000077437,0.0000054832
0.0000083457,0.0000077473,0.0000054832
0.0000083457,0.0000077473,0.0000054832
0.0000083457,0.0000077107,0.0000054832
0.0000083457,0.0000076800,0.0000054832
0.0000083457,0.0000077391,0.0000057349
0.0000083457,0.0000077470,0.0000059000
0.0000083457,0.0000077072,0.0000059000
0.0000083457,0.0000076805,0.0000059000
0.0000083457,0.0000076538,0.0000057389
0.0000083457,0.0000076412,0.0000057389
0.0000083457,0.0000075982,0.0000057389
0.0000083457,0.0000076820,0.0000057389
0.0000083457,0.0000077140,0.0000057389
0.0000083457,0.0000077348,0.0000057389
0.0000083457,0.0000076807,0.0000057389
0.0000083457,0.0000076832,0.0000057389
0.0000083457,0.0000076589,0.0000057389
0.0000083457,0.0000076396,0.0000057389
0.0000083457,0.0000076588,0.0000057389
0.0000083457,0.0000076354,0.0000057389
0.0000083457,0.0000076682,0.0000057389
0.0000083457,0.0000076626,0.0000057389
0.0000083457,0.0000076836,0.0000057389
0.0000083457,0.0000076801,0.0000057389
0.0000083457,0.0000077246,0.0000057389
0.0000083457,0.0000077209,0.0000059158
0.0000083457,0.0000076835,0.0000055354
0.0000083457,0.0000076785,0.0000055354
0.0000083457,0.0000076476,0.0000055354
0.0000083457,0.0000076278,0.0000055354
0.0000083457,0.0000076681,0.0000055354
0.0000083457,0.0000077105,0.0000055354
0.0000083457,0.0000077370,0.0000059902
0.0000083457,0.0000077920,0.0000059902
0.0000083457,0.0000077336,0.0000059601
0.0000083457,0.0000077907,0.0000059601
0.0000083457,0.0000077506,0.0000059601
0.0000083457,0.0000077266,0.0000059601
0.0000083457,0.0000076681,0.0000059601
0.0000083457,0.0000076383,0.0000059601
0.0000083457,0.0000076382,0.0000058518
0.0000083457,0.0000076799,0.0000058518
0.0000083457,0.0000077259,0.0000058518
0.0000083457,0.0000077680,0.0000058518
0.0000083457,0.0000078198,0.0000058518
0.0000083457,0.0000078180,0.0000058518
0.0000083457,0.0000078093,0.0000058518
0.0000083457,0.0000078154,0.0000056026
0.0000083457,0.0000078236,0.0000056026
0.0000083457,0.0000078277,0.0000056026
0.0000083457,0.0000077792,0.0000056026
0.0000083457,0.0000077989,0.0000056026
0.0000083457,0.0000078464,0.0000056026
0.0000083457,0.0000079215,0.0000056026
0.0000083457,0.0000079764,0.0000056026
0.0000083457,0.0000079443,0.0000056026
0.0000083457,0.0000079123,0.0000056026
0.0000083457,0.0000079854,0.0000056026
0.0000083457,0.0000079936,0.0000056026
0.0000083457,0.0000080538,0.0000056026
0.0000083457,0.0000080013,0.0000056026
0.0000083457,0.0000080825,0.0000056026
0.0000083457,0.0000080335,0.0000056026
0.0000083457,0.0000080525,0.0000056026
0.0000083457,0.0000081484,0.0000059055
0.0000083457,0.0000081099,0.0000060271
0.0000083457,0.0000081315,0.0000060271
0.0000083457,0.0000081298,0.0000058536
0.0000083457,0.0000080907,0.0000058536
0.0000083457,0.0000081298,0.0000058536
0.0000083457,0.0000081009,0.0000059943
0.0000083457,0.0000080782,0.0000059943
0.0000083457,0.0000080782,0.0000059943
0.0000083457,0.0000080427,0.0000059943
0.0000083457,0.0000079915,0.0000058816
0.0000083457,0.0000079930,0.0000059943
0.0000083457,0.0000079257,0.0000059943
0.0000083457,0.0000079035,0.0000059943
0.0000083457,0.0000079012,0.0000059943
0.0000083457,0.0000078665,0.0000059943
0.0000083457,0.0000079110,0.0000059943
0.0000083457,0.0000079561,0.0000059943
0.0000083457,0.0000079727,0.0000059943
0.0000083457,0.0000080015,0.0000059943
0.0000083457,0.0000079564,0.0000059904
0.0000083457,0.0000079754,0.0000059904
0.0000083457,0.0000080199,0.0000059904
0.0000083457,0.0000079684,0.0000059904
0.0000083457,0.0000079315,0.0000058412
0.0000083457,0.0000079294,0.0000058412
0.0000083457,0.0000079195,0.0000058412
0.0000083457,0.0000079124,0.0000061762
0.0000083457,0.0000078635,0.0000058409
0.0000083457,0.0000078635,0.0000058409
0.0000083457,0.0000078553,0.0000058409
0.0000083457,0.0000079139,0.0000058409
0.0000083457,0.0000078932,0.0000058409
0.0000083457,0.0000079106,0.0000058409
0.0000083457,0.0000079387,0.0000058409
0.0000083457,0.0000078985,0.0000058409
0.0000083457,0.0000078937,0.0000056752
0.0000083457,0.0000079438,0.0000056752
0.0000083457,0.0000079508,0.0000056752
0.0000083457,0.0000079163,0.0000056752
0.0000083457,0.0000079266,0.0000056752
0.0000083457,0.0000078981,0.0000061825
0.0000083457,0.0000078734,0.0000059146
0.0000083457,0.0000078386,0.0000057360
0.0000083457,0.0000078773,0.0000057360
0.0000083457,0.0000078452,0.0000057360
0.0000083457,0.0000078619,0.0000057360
0.0000083457,0.0000078933,0.0000057360
0.0000083457,0.0000079265,0.0000057360
0.0000083457,0.0000078980,0.0000061486
0.0000083457,0.0000078688,0.0000061486
0.0000083457,0.0000078441,0.0000060970
0.0000083457,0.0000078411,0.0000060970
0.0000083457,0.0000078743,0.0000060970
0.0000083457,0.0000079491,0.0000061486
0.0000083457,0.0000078626,0.0000060412
0.0000083457,0.0000078699,0.0000060412
0.0000083457,0.0000078279,0.0000055523
0.0000083457,0.0000079016,0.0000055523
0.0000083457,0.0000079158,0.0000055523
0.0000083457,0.0000079232,0.0000055523
0.0000083457,0.0000078716,0.0000055523
0.0000083457,0.0000078103,0.0000054955
0.0000083457,0.0000078854,0.0000054955
0.0000083457,0.0000079181,0.0000054955
0.0000083457,0.0000078904,0.0000054955
0.0000083457,0.0000079247,0.0000054955
0.0000083457,0.0000079238,0.0000054955
0.0000083457,0.0000079102,0.0000054955
0.0000083457,0.0000078416,0.0000054955
0.0000083457,0.0000077641,0.0000054955
0.0000083457,0.0000077159,0.0000054955
0.0000083457,0.0000076670,0.0000054955
0.0000083457,0.0000076801,0.0000054955
0.0000083457,0.0000077625,0.0000054955
0.0000083457,0.0000077489,0.0000054955
0.0000083457,0.0000078059,0.0000058907
0.0000083457,0.0000077596,0.0000058907
0.0000083457,0.0000077604,0.0000058907
0.0000083457,0.0000078510,0.0000058907
0.0000083457,0.0000078432,0.0000058907
0.0000083457,0.0000078312,0.0000058861
0.0000083457,0.0000078302,0.0000058861
0.0000083457,0.0000078293,0.0000058810
0.0000083457,0.0000077735,0.0000058135
0.0000083457,0.0000077361,0.0000058135
0.0000083457,0.0000077042,0.0000058135
0.0000083457,0.0000076875,0.0000059226
0.0000083457,0.0000076891,0.0000058510
0.0000083457,0.0000076767,0.0000058510
0.0000083457,0.0000076783,0.0000058510
0.0000083457,0.0000077651,0.0000058510
0.0000083457,0.0000077598,0.0000058510
0.0000083457,0.0000078378,0.0000058510
0.0000083457,0.0000079321,0.0000059868
0.0000083457,0.0000079671,0.0000059868
0.0000083457,0.0000080306,0.0000059868
0.0000083457,0.0000080442,0.0000058999
0.0000083457,0.0000079938,0.0000058999
0.0000083457,0.0000079643,0.0000058999
0.0000083457,0.0000080017,0.0000058999
0.0000083457,0.0000079832,0.0000056592
0.0000083457,0.0000079849,0.0000058999
0.0000083457,0.0000079645,0.0000059313
0.0000083457,0.0000079645,0.0000059313
0.0000083457,0.0000080416,0.0000059313
0.0000083457,0.0000080793,0.0000059313
0.0000083457,0.0000079918,0.0000059313
0.0000083457,0.0000080428,0.0000062344
0.0000083457,0.0000079775,0.0000058755
0.0000083457,0.0000080269,0.0000062344
0.0000083457,0.0000080966,0.0000062344
0.0000083457,0.0000081003,0.0000059059
0.0000083457,0.0000080499,0.0000056905
0.0000083457,0.0000079752,0.0000056905
0.0000083457,0.0000079752,0.0000056905
0.0000083457,0.0000079174,0.0000056905
0.0000083457,0.0000079904,0.0000056905
0.0000083457,0.0000079526,0.0000055794
0.0000083457,0.0000079063,0.0000056905
0.0000083457,0.0000079364,0.0000056905
0.0000083457,0.0000080185,0.0000056905
0.0000083457,0.0000079512,0.0000056905
0.0000083457,0.0000079207,0.0000056905
0.0000083457,0.0000079187,0.0000056117
0.0000083457,0.0000078136,0.0000054508
0.0000083457,0.0000077905,0.0000054508
0.0000083457,0.0000078003,0.0000056117
0.0000083457,0.0000078742,0.0000056117
0.0000083457,0.0000079542,0.0000056117
0.0000083457,0.0000079974,0.0000058862
0.0000083457,0.0000079677,0.0000058862
0.0000083457,0.0000079040,0.0000058862
0.0000083457,0.0000079377,0.0000058862
0.0000083457,0.0000079305,0.0000059823
0.0000083457,0.0000079097,0.0000059823
0.0000083457,0.0000079445,0.0000059823
0.0000083457,0.0000079390,0.0000057136
0.0000083457,0.0000079322,0.0000057136
0.0000083457,0.0000078891,0.0000057136
0.0000083457,0.0000078496,0.0000057136
0.0000083457,0.0000078624,0.0000057136
0.0000083457,0.0000078196,0.0000057136
0.0000083457,0.0000079164,0.0000057462
0.0000083457,0.0000078610,0.0000057462
0.0000083457,0.0000078077,0.0000057462
0.0000083457,0.0000077733,0.0000057462
0.0000083457,0.0000077826,0.0000057462
0.0000083457,0.0000077728,0.0000057462
0.0000083457,0.0000077484,0.0000057462
0.0000083457,0.0000078206,0.0000057462
0.0000083457,0.0000078284,0.0000057462
0.0000083457,0.0000078187,0.0000057462
0.0000083457,0.0000077933,0.0000057462
0.0000083457,0.0000078074,0.0000057798
0.0000083457,0.0000077574,0.0000057798
0.0000083457,0.0000078413,0.0000057798
0.0000083457,0.0000077989,0.0000056179
0.0000083457,0.0000077667,0.0000056179
0.0000083457,0.0000077610,0.0000056179
0.0000083457,0.0000078319,0.0000056179
0.0000083457,0.0000077989,0.0000056179
0.0000083457,0.0000078475,0.0000056179
0.0000083457,0.0000078125,0.0000056179
0.0000083457,0.0000077765,0.0000056179
0.0000083457,0.0000077366,0.0000056179
0.0000083457,0.0000078219,0.0000056179
0.0000083457,0.0000078079,0.0000056179
0.0000083457,0.0000077568,0.0000056179
0.0000083457,0.0000077568,0.0000056179
0.0000083457,0.0000077797,0.0000056179
0.0000083457,0.0000077739,0.0000056179
0.0000083457,0.0000077167,0.0000056117
0.0000083457,0.0000076801,0.0000056117
0.0000083457,0.0000076742,0.0000056117
0.0000083457,0.0000076396,0.0000056117
0.0000083457,0.0000076473,0.0000059246
0.0000083457,0.0000076627,0.0000059246
0.0000083457,0.0000076695,0.0000058997
0.0000083457,0.0000076359,0.0000058997
0.0000083457,0.0000076456,0.0000059246
0.0000083457,0.0000076223,0.0000059246
0.0000083457,0.0000076400,0.0000059525
0.0000083457,0.0000076407,0.0000059525
0.0000083457,0.0000076598,0.0000059525
0.0000083457,0.0000076528,0.0000058739
0.0000083457,0.0000077306,0.0000058739
0.0000083457,0.0000076993,0.0000058431
0.0000083457,0.0000076252,0.0000058431
0.0000083457,0.0000076169,0.0000058431
0.0000083457,0.0000076137,0.0000058431
0.0000083457,0.0000075503,0.0000058431
0.0000083457,0.0000075668,0.0000058437
0.0000083457,0.0000075523,0.0000054683
0.0000083457,0.0000075132,0.0000054683
0.0000083457,0.0000074984,0.0000054683
0.0000083457,0.0000074467,0.0000054683
0.0000083457,0.0000074485,0.0000054683
0.0000083457,0.0000074760,0.0000054683
0.0000083457,0.0000074230,0.0000054683
0.0000083457,0.0000074554,0.0000058739
0.0000083457,0.0000074516,0.0000058739
0.0000083457,0.0000075269,0.0000058739
0.0000083457,0.0000074746,0.0000058739
0.0000083457,0.0000074745,0.0000058739
0.0000083457,0.0000074759,0.0000058739
0.0000083457,0.0000074915,0.0000058739
0.0000083457,0.0000075743,0.0000058739
0.0000083457,0.0000075693,0.0000058739
0.0000083457,0.0000075749,0.0000058739
0.0000083457,0.0000076581,0.0000058739
0.0000083457,0.0000076577,0.0000058739
0.0000083457,0.0000077422,0.0000058739
0.0000083457,0.0000077069,0.0000060075
0.0000083457,0.0000076861,0.0000058121
0.0000083457,0.0000076830,0.0000058121
0.0000083457,0.0000076601,0.0000058121
0.0000083457,0.0000076654,0.0000059710
0.0000083457,0.0000077342,0.0000060093
0.0000083457,0.0000077392,0.0000060093
0.0000083457,0.0000077472,0.0000061911
0.0000083457,0.0000077305,0.0000057130
0.0000083457,0.0000077305,0.0000057130
0.0000083457,0.0000078163,0.0000057130
0.0000083457,0.0000078880,0.0000057130
0.0000083457,0.0000078849,0.0000057130
0.0000083457,0.0000078600,0.0000057130
0.0000083457,0.0000078384,0.0000057130
0.0000083457,0.0000078247,0.0000057130
0.0000083457,0.0000078731,0.0000057130
0.0000083457,0.0000079469,0.0000057130
0.0000083457,0.0000079652,0.0000057130
0.0000083457,0.0000079570,0.0000057130
0.0000083457,0.0000079611,0.0000057130
0.0000083457,0.0000079163,0.0000057130
0.0000083457,0.0000079236,0.0000057130
0.0000083457,0.0000078962,0.0000057130
0.0000083457,0.0000078796,0.0000057130
0.0000083457,0.0000079624,0.0000057130
0.0000083457,0.0000079711,0.0000059707
0.0000083457,0.0000080010,0.0000059707
0.0000083457,0.0000080715,0.0000062657
0.0000083457,0.0000079834,0.0000059241
0.0000083457,0.0000079193,0.0000057129
0.0000083457,0.0000079542,0.0000057129
0.0000083457,0.0000080068,0.0000059241
0.0000083457,0.0000080354,0.0000059241
0.0000083457,0.0000079726,0.0000055376
0.0000083457,0.0000079727,0.0000058726
0.0000083457,0.0000078890,0.0000058726
0.0000083457,0.0000078968,0.0000058729
0.0000083457,0.0000078142,0.0000058729
0.0000083457,0.0000077326,0.0000058729
0.0000083457,0.0000077618,0.0000058729
0.0000083457,0.0000077763,0.0000059352
0.0000083457,0.0000077995,0.0000059352
0.0000083457,0.0000078257,0.0000059352
0.0000083457,0.0000078490,0.0000059352
0.0000083457,0.0000078125,0.0000059352
0.0000083457,0.0000078261,0.0000059352
0.0000083457,0.0000078674,0.0000059352
0.0000083457,0.0000079242,0.0000059352
0.0000083457,0.0000079211,0.0000059352
0.0000083457,0.0000078582,0.0000056533
0.0000083457,0.0000078108,0.0000056533
0.0000083457,0.0000077650,0.0000056533
0.0000083457,0.0000077595,0.0000056533
0.0000083457,0.0000078406,0.0000056533
0.0000083457,0.0000078478,0.0000056533
0.0000083457,0.0000078219,0.0000054783
0.0000083457,0.0000078046,0.0000054783
0.0000083457,0.0000077319,0.0000054783
0.0000083457,0.0000077515,0.0000055365
0.0000083457,0.0000077621,0.0000057971
0.0000083457,0.0000077610,0.0000057971
0.0000083457,0.0000077618,0.0000057971
0.0000083457,0.0000077756,0.0000057971
0.0000083457,0.0000077680,0.0000057971
0.0000083457,0.0000077616,0.0000057971
0.0000083457,0.0000077286,0.0000057971
0.0000083457,0.0000076838,0.0000057971
0.0000083457,0.0000077226,0.0000057971
0.0000083457,0.0000077634,0.0000058184
0.0000083457,0.0000077102,0.0000058184
0.0000083457,0.0000077253,0.0000058184
0.0000083457,0.0000076933,0.0000058184
0.0000083457,0.0000076975,0.0000058184
0.0000083457,0.0000077418,0.0000058184
0.0000083457,0.0000077841,0.0000058184
0.0000083457,0.0000077865,0.0000058184
0.0000083457,0.0000077057,0.0000058184
0.0000083457,0.0000076774,0.0000058184
0.0000083457,0.0000077515,0.0000058184
0.0000083457,0.0000078346,0.0000058184
0.0000083457,0.0000078572,0.0000058184
0.0000083457,0.0000079072,0.0000058184
0.0000083457,0.0000078644,0.0000058184
0.0000083457,0.0000078928,0.0000060903
0.0000083457,0.0000078778,0.0000058132
0.0000083457,0.0000078455,0.0000058132
0.0000083457,0.0000078156,0.0000058132
0.0000083457,0.0000077961,0.0000058132
0.0000083457,0.0000077981,0.0000058200
0.0000083457,0.0000077718,0.0000058200
0.0000083457,0.0000077656,0.0000058200
0.0000083457,0.0000077364,0.0000058200
0.0000083457,0.0000076979,0.0000058200
0.0000083457,0.0000077870,0.0000058200
0.0000083457,0.0000078022,0.0000058200
0.0000083457,0.0000077634,0.0000058200
0.0000083457,0.0000077165,0.0000057656
0.0000083457,0.0000077415,0.0000057656
0.0000083457,0.0000077569,0.0000057656
0.0000083457,0.0000077578,0.0000057656
0.0000083457,0.0000078409,0.0000057656
0.0000083457,0.0000077880,0.0000057656
0.0000083457,0.0000078848,0.0000058458
0.0000083457,0.0000078865,0.0000059099
0.0000083457,0.0000079053,0.0000059099
0.0000083457,0.0000078707,0.0000059099
0.0000083457,0.0000078169,0.0000059099
0.0000083457,0.0000077688,0.0000059099
0.0000083457,0.0000077617,0.0000059099
0.0000083457,0.0000077235,0.0000059099
0.0000083457,0.0000077991,0.0000059174
0.0000083457,0.0000078256,0.0000059174
0.0000083457,0.0000077733,0.0000059174
0.0000083457,0.0000077733,0.0000059174
0.0000083457,0.0000077606,0.0000057454
0.0000083457,0.0000077245,0.0000057454
0.0000083457,0.0000077106,0.0000057454
0.0000083457,0.0000077298,0.0000057454
0.0000083457,0.0000077069,0.0000057454
0.0000083457,0.0000076961,0.0000057454
0.0000083457,0.0000077434,0.0000057454
0.0000078727,0.0000063974,0.0000051986
0.0000078727,0.0000064363,0.0000051986
0.0000078727,0.0000064620,0.0000051986
0.0000078727,0.0000064921,0.0000051986
0.0000078727,0.0000065043,0.0000056294
0.0000078727,0.0000064783,0.0000051478
0.0000078727,0.0000065085,0.0000051478
0.0000078727,0.0000065610,0.0000051478
0.0000078727,0.0000066034,0.0000051478
0.0000078727,0.0000066042,0.0000051478
0.0000078727,0.0000066306,0.0000051478
0.0000078727,0.0000066697,0.0000051478
0.0000078727,0.0000066735,0.0000051478
0.0000078727,0.0000066663,0.0000051478
0.0000078727,0.0000066824,0.0000051478
0.0000078727,0.0000067049,0.0000051478
0.0000078727,0.0000067329,0.0000051478
0.0000078727,0.0000067409,0.0000051478
0.0000078727,0.0000067410,0.0000051478
0.0000078727,0.0000067684,0.0000058042
0.0000078727,0.0000067640,0.0000058042
0.0000078727,0.0000067515,0.0000058042
0.0000078727,0.0000067468,0.0000058042
0.0000078727,0.0000067442,0.0000058042
0.0000078727,0.0000067544,0.0000058042
0.0000078727,0.0000067520,0.0000058042
0.0000078727,0.0000067477,0.0000058042
0.0000078727,0.0000067675,0.0000058042
0.0000078727,0.0000067547,0.0000058042
0.0000078727,0.0000067999,0.0000058042
0.0000078727,0.0000068632,0.0000060188
0.0000078727,0.0000069006,0.0000060188
0.0000078727,0.0000069228,0.0000060188
0.0000078727,0.0000069124,0.0000060188
0.0000078727,0.0000069102,0.0000060188
0.0000078727,0.0000069476,0.0000060188
0.0000078727,0.0000069694,0.0000060188
0.0000078727,0.0000069797,0.0000060188
0.0000078727,0.0000069869,0.0000060188
0.0000078727,0.0000069852,0.0000060188
0.0000078727,0.0000070108,0.0000060188
0.0000078727,0.0000070114,0.0000060188
0.0000078727,0.0000070162,0.0000059068
0.0000078727,0.0000070340,0.0000059068
0.0000078727,0.0000070367,0.0000059068
0.0000078727,0.0000070310,0.0000059068
0.0000078727,0.0000070576,0.0000061186
0.0000078727,0.0000071096,0.0000061186
0.0000078727,0.0000071421,0.0000061186
0.0000078727,0.0000071324,0.0000059777
0.0000078727,0.0000071012,0.0000059777
0.0000078727,0.0000070668,0.0000058490
0.0000078727,0.0000070854,0.0000058490
0.0000078727,0.0000071273,0.0000058490
0.0000078727,0.0000071043,0.0000058490
0.0000078727,0.0000071042,0.0000058490
0.0000078727,0.0000071345,0.0000058490
0.0000078727,0.0000071234,0.0000058490
0.0000078727,0.0000071213,0.0000058490
0.0000078727,0.0000071255,0.0000058490
0.0000078727,0.0000071702,0.0000059429
0.0000078727,0.0000071854,0.0000059429
0.0000078727,0.0000071726,0.0000059429
0.0000078727,0.0000071755,0.0000059429
0.0000078727,0.0000071545,0.0000059777
0.0000078727,0.0000071432,0.0000059777
0.0000078727,0.0000071535,0.0000059777
0.0000078727,0.0000071054,0.0000054011
0.0000078727,0.0000071672,0.0000054011
0.0000078727,0.0000071691,0.0000054011
0.0000078727,0.0000071547,0.0000054011
0.0000078727,0.0000072054,0.0000054011
0.0000078727,0.0000072135,0.0000058732
0.0000078727,0.0000072227,0.0000058732
0.0000078727,0.0000072548,0.0000058732
0.0000078727,0.0000072482,0.0000058732
0.0000078727,0.0000072781,0.0000058732
0.0000078727,0.0000073084,0.0000058732
0.0000078727,0.0000073022,0.0000058378
0.0000078727,0.0000073140,0.0000056599
0.0000078727,0.0000073052,0.0000056599
0.0000078727,0.0000073226,0.0000056599
0.0000078727,0.0000073537,0.0000056599
0.0000078727,0.0000073725,0.0000056599
0.0000078727,0.0000073284,0.0000056599
0.0000078727,0.0000072994,0.0000056599
0.0000078727,0.0000072974,0.0000056599
0.0000078727,0.0000072804,0.0000056599
0.0000078727,0.0000072610,0.0000056599
0.0000078727,0.0000072422,0.0000056599
0.0000078727,0.0000072489,0.0000056599
0.0000078727,0.0000073296,0.0000059224
0.0000078727,0.0000073726,0.0000059224
0.0000078727,0.0000073738,0.0000059224
0.0000078727,0.0000073788,0.0000059224
0.0000078727,0.0000073841,0.0000059285
0.0000078727,0.0000074441,0.0000059285
0.0000078727,0.0000074630,0.0000059285
0.0000078727,0.0000074746,0.0000059285
0.0000078727,0.0000075032,0.0000059285
0.0000078727,0.0000075231,0.0000059285
0.0000078727,0.0000074615,0.0000059138
0.0000078727,0.0000074557,0.0000058350
0.0000078727,0.0000074691,0.0000058350
0.0000080254,0.0000074933,0.0000059138
0.0000080254,0.0000075057,0.0000059138
0.0000080254,0.0000074475,0.0000055848
0.0000080254,0.0000074539,0.0000055848
0.0000080254,0.0000074674,0.0000055848
0.0000080254,0.0000074310,0.0000055848
0.0000080254,0.0000073665,0.0000055848
0.0000080254,0.0000074170,0.0000055848
0.0000080254,0.0000074538,0.0000055848
0.0000080254,0.0000074405,0.0000055848
0.0000080254,0.0000074482,0.0000055848
0.0000080254,0.0000074429,0.0000055848
0.0000080254,0.0000074053,0.0000055848
0.0000080254,0.0000074492,0.0000055848
0.0000080254,0.0000074517,0.0000055848
0.0000080254,0.0000075034,0.0000060497
0.0000080254,0.0000075082,0.0000060497
0.0000080254,0.0000074999,0.0000060497
0.0000080254,0.0000074729,0.0000060497
0.0000080254,0.0000074429,0.0000058142
0.0000080254,0.0000074566,0.0000060497
0.0000080254,0.0000074753,0.0000060497
0.0000080254,0.0000074470,0.0000060387
0.0000080254,0.0000074064,0.0000057521
0.0000080254,0.0000073971,0.0000056670
0.0000084224,0.0000073771,0.0000056670
0.0000084224,0.0000073545,0.0000056670
0.0000084224,0.0000073721,0.0000057521
0.0000084224,0.0000073561,0.0000057521
0.0000084224,0.0000073945,0.0000057521
0.0000084224,0.0000074550,0.0000057521
0.0000084224,0.0000074521,0.0000057521
0.0000084224,0.0000074531,0.0000057521
0.0000084224,0.0000075169,0.0000060334
0.0000084224,0.0000074819,0.0000054915
0.0000084224,0.0000074311,0.0000054915
0.0000084224,0.0000074264,0.0000054915
0.0000084224,0.0000074629,0.0000054915
0.0000084224,0.0000074249,0.0000054915
0.0000084224,0.0000074129,0.0000054915
0.0000084224,0.0000073838,0.0000054915
0.0000084224,0.0000073640,0.0000054915
0.0000084224,0.0000073351,0.0000054915
0.0000084224,0.0000072683,0.0000054915
0.0000084224,0.0000073168,0.0000054915
0.0000084224,0.0000073310,0.0000054915
0.0000084224,0.0000073168,0.0000054915
0.0000084224,0.0000073378,0.0000054915
0.0000084224,0.0000074178,0.0000054915
0.0000084224,0.0000073996,0.0000054915
0.0000084224,0.0000073897,0.0000054915
0.0000084224,0.0000073789,0.0000054915
0.0000084224,0.0000074001,0.0000054915
0.0000084224,0.0000074331,0.0000054915
0.0000084224,0.0000074417,0.0000054915
0.0000084224,0.0000074125,0.0000054915
0.0000084224,0.0000073895,0.0000054915
0.0000084224,0.0000074757,0.0000058192
0.0000084224,0.0000074206,0.0000058192
0.0000084224,0.0000073832,0.0000054958
0.0000084224,0.0000074074,0.0000054958
0.0000084224,0.0000074096,0.0000054958
0.0000084224,0.0000073910,0.0000054958
0.0000084224,0.0000073705,0.0000054958
0.0000084224,0.0000074367,0.0000054958
0.0000084224,0.0000074999,0.0000054958
0.0000084224,0.0000075474,0.0000057057
0.0000084224,0.0000075665,0.0000057057
0.0000084224,0.0000075405,0.0000057057
0.0000084224,0.0000075377,0.0000057057
0.0000084224,0.0000075849,0.0000057057
0.0000084224,0.0000076212,0.0000057057
0.0000084224,0.0000075950,0.0000057057
0.0000084224,0.0000076420,0.0000057057
0.0000084224,0.0000076650,0.0000058860
0.0000084224,0.0000076798,0.0000058860
0.0000084224,0.0000076828,0.0000061825
0.0000084224,0.0000076710,0.0000061825
0.0000084224,0.0000076625,0.0000061825
0.0000084224,0.0000076403,0.0000061439
0.0000084224,0.0000076072,0.0000058759
0.0000084224,0.0000075723,0.0000058759
0.0000084224,0.0000076190,0.0000058759
0.0000084224,0.0000076384,0.0000058759
0.0000084224,0.0000076784,0.0000061439
0.0000084224,0.0000077372,0.0000061439
0.0000084224,0.0000077672,0.0000061439
0.0000084224,0.0000077122,0.0000059659
0.0000084224,0.0000077023,0.0000061439
0.0000084224,0.0000076631,0.0000061439
0.0000084224,0.0000076742,0.0000061825
0.0000084224,0.0000076047,0.0000059433
0.0000084224,0.0000076543,0.0000059433
0.0000084224,0.0000076381,0.0000059433
0.0000084224,0.0000076552,0.0000061825
0.0000084224,0.0000076396,0.0000061825
0.0000084224,0.0000076251,0.0000061825
0.0000084224,0.0000076050,0.0000059526
0.0000084224,0.0000076391,0.0000059526
0.0000084224,0.0000076837,0.0000061825
0.0000084224,0.0000076567,0.0000061275
0.0000084224,0.0000076372,0.0000061275
0.0000084224,0.0000076165,0.0000060155
0.0000084224,0.0000075680,0.0000057301
0.0000084224,0.0000076090,0.0000057301
0.0000084224,0.0000076734,0.0000057301
0.0000084224,0.0000076710,0.0000057301
0.0000084224,0.0000076380,0.0000057301
0.0000084224,0.0000077062,0.0000057301
0.0000084224,0.0000076912,0.0000057301
0.0000084224,0.0000077267,0.0000057301
0.0000084224,0.0000077575,0.0000060088
0.0000084224,0.0000077016,0.0000060088
0.0000084224,0.0000076862,0.0000055871
0.0000084224,0.0000076627,0.0000055871
0.0000084224,0.0000076294,0.0000057163
0.0000084224,0.0000076134,0.0000056392
0.0000084224,0.0000076397,0.0000057163
0.0000084224,0.0000076705,0.0000060088
0.0000084224,0.0000077293,0.0000060088
0.0000084224,0.0000077731,0.0000060088
0.0000084224,0.0000078415,0.0000060088
0.0000084224,0.0000077869,0.0000058568
0.0000084224,0.0000077392,0.0000058568
0.0000084224,0.0000078043,0.0000059034
0.0000084224,0.0000077751,0.0000059034
0.0000084224,0.0000077801,0.0000059034
0.0000084224,0.0000077457,0.0000059034
0.0000084224,0.0000077648,0.0000059034
0.0000084224,0.0000077417,0.0000059034
0.0000084224,0.0000077104,0.0000059034
0.0000084224,0.0000077493,0.0000059034
0.0000084224,0.0000077082,0.0000059034
0.0000084224,0.0000076406,0.0000058152
0.0000084224,0.0000077245,0.0000058152
0.0000084224,0.0000076887,0.0000057575
0.0000084224,0.0000077021,0.0000059034
0.0000084224,0.0000076834,0.0000059034
0.0000084224,0.0000076529,0.0000059034
0.0000084224,0.0000076216,0.0000059034
0.0000084224,0.0000077011,0.0000059034
0.0000084224,0.0000077489,0.0000059034
0.0000084224,0.0000077931,0.0000059034
0.0000084224,0.0000078587,0.0000059034
0.0000084224,0.0000078420,0.0000059034
0.0000084224,0.0000078003,0.0000059034
0.0000084224,0.0000078726,0.0000059034
0.0000084224,0.0000078344,0.0000057056
0.0000084224,0.0000078365,0.0000057056
0.0000084224,0.0000078091,0.0000059034
0.0000084224,0.0000078930,0.0000060876
0.0000084224,0.0000078734,0.0000060876
0.0000084224,0.0000078351,0.0000060216
0.0000084224,0.0000078424,0.0000060216
0.0000084224,0.0000078504,0.0000060216
0.0000084224,0.0000078714,0.0000061954
0.0000084224,0.0000078140,0.0000061954
0.0000084224,0.0000077956,0.0000057252
0.0000084224,0.0000077738,0.0000057252
0.0000084224,0.0000077700,0.0000057252
0.0000084224,0.0000077621,0.0000057252
0.0000084224,0.0000077663,0.0000057252
0.0000084224,0.0000077162,0.0000057252
0.0000084224,0.0000076899,0.0000057252
0.0000084224,0.0000076513,0.0000057252
0.0000084224,0.0000076627,0.0000057252
0.0000084224,0.0000076635,0.0000057252
0.0000084224,0.0000076983,0.0000057252
0.0000084224,0.0000077167,0.0000058217
0.0000084224,0.0000077046,0.0000058217
0.0000084224,0.0000076878,0.0000058217
0.0000084224,0.0000077037,0.0000058217
0.0000084224,0.0000077058,0.0000058217
0.0000084224,0.0000077578,0.0000058809
0.0000084224,0.0000077548,0.0000058809
0.0000084224,0.0000077306,0.0000056634
0.0000084224,0.0000077984,0.0000056634
0.0000084224,0.0000078946,0.0000058308
0.0000084224,0.0000079296,0.0000058308
0.0000084224,0.0000079204,0.0000058308
0.0000084224,0.0000078964,0.0000058308
0.0000084224,0.0000079430,0.0000058308
0.0000084224,0.0000079040,0.0000058308
0.0000084224,0.0000079416,0.0000058308
0.0000084224,0.0000079267,0.0000058236
0.0000084224,0.0000079356,0.0000058236
0.0000084224,0.0000079499,0.0000058236
0.0000084224,0.0000080221,0.0000058236
0.0000084224,0.0000079742,0.0000057504
0.0000084224,0.0000079251,0.0000057504
0.0000084224,0.0000078716,0.0000057504
0.0000084224,0.0000078355,0.0000057504
0.0000084224,0.0000078305,0.0000057504
0.0000084224,0.0000078840,0.0000061656
0.0000084224,0.0000079240,0.0000061656
0.0000084224,0.0000079104,0.0000062407
0.0000084224,0.0000079898,0.0000062634
0.0000084224,0.0000079627,0.0000062634
0.0000084224,0.0000078987,0.0000058448
0.0000084224,0.0000078533,0.0000056969
0.0000084224,0.0000078631,0.0000056969
0.0000084224,0.0000078592,0.0000056969
0.0000084224,0.0000078370,0.0000056909
0.0000084224,0.0000078789,0.0000056909
0.0000084224,0.0000079545,0.0000056909
0.0000084224,0.0000079074,0.0000056909
0.0000084224,0.0000078479,0.0000056909
0.0000084224,0.0000078584,0.0000056969
0.0000084224,0.0000078578,0.0000057410
0.0000084224,0.0000078657,0.0000056877
0.0000084224,0.0000078588,0.0000056877
0.0000084224,0.0000078861,0.0000056877
0.0000084224,0.0000079032,0.0000056877
0.0000084224,0.0000078900,0.0000056877
0.0000084224,0.0000078499,0.0000056877
0.0000084224,0.0000078168,0.0000056877
0.0000084224,0.0000078192,0.0000056877
0.0000084224,0.0000077601,0.0000056877
0.0000084224,0.0000077602,0.0000056352
0.0000084224,0.0000078134,0.0000056352
0.0000084224,0.0000078005,0.0000056352
0.0000084224,0.0000078973,0.0000056877
0.0000084224,0.0000079422,0.0000056877
0.0000084224,0.0000079453,0.0000056877
0.0000084224,0.0000078897,0.0000056877
0.0000084224,0.0000079769,0.0000058017
0.0000084224,0.0000079409,0.0000058017
0.0000084224,0.0000079409,0.0000058017
0.0000084224,0.0000079922,0.0000058017
0.0000084224,0.0000080813,0.0000058017
0.0000084224,0.0000080342,0.0000058017
0.0000084224,0.0000079515,0.0000058017
0.0000084224,0.0000079846,0.0000058017
0.0000084224,0.0000079233,0.0000058017
0.0000084224,0.0000079192,0.0000058017
0.0000084224,0.0000078851,0.0000058017
0.0000084224,0.0000078966,0.0000058017
0.0000084224,0.0000079137,0.0000058017
0.0000084224,0.0000079207,0.0000058017
0.0000084224,0.0000078730,0.0000052732
0.0000084224,0.0000078466,0.0000052732
0.0000084224,0.0000079449,0.0000052732
0.0000084224,0.0000079785,0.0000052732
0.0000084224,0.0000079291,0.0000052732
0.0000084224,0.0000079652,0.0000052732
0.0000084224,0.0000078935,0.0000052732
0.0000084224,0.0000079895,0.0000058017
0.0000084224,0.0000080858,0.0000058017
0.0000084224,0.0000080870,0.0000058017
0.0000084224,0.0000080593,0.0000061601
0.0000084224,0.0000081031,0.0000061601
0.0000084224,0.0000080465,0.0000059293
0.0000084224,0.0000080623,0.0000059522
0.0000084224,0.0000080984,0.0000059522
0.0000084224,0.0000080984,0.0000059522
0.0000084224,0.0000081022,0.0000059522
0.0000084224,0.0000080456,0.0000059522
0.0000084224,0.0000079626,0.0000059522
0.0000084224,0.0000079169,0.0000059522
0.0000084224,0.0000079548,0.0000059522
0.0000084224,0.0000079720,0.0000059522
0.0000084224,0.0000079663,0.0000059126
0.0000084224,0.0000079828,0.0000059126
0.0000084224,0.0000080573,0.0000059126
0.0000084224,0.0000079962,0.0000059126
0.0000084224,0.0000079974,0.0000059645
0.0000084224,0.0000080883,0.0000059645
0.0000084224,0.0000081205,0.0000059645
0.0000084224,0.0000080862,0.0000059645
0.0000084224,0.0000080529,0.0000059645
0.0000084224,0.0000080529,0.0000059645
0.0000084224,0.0000081097,0.0000059645
0.0000084224,0.0000081376,0.0000059645
0.0000084224,0.0000080927,0.0000059645
0.0000084224,0.0000080212,0.0000059645
0.0000084224,0.0000079850,0.0000059645
0.0000084224,0.0000080127,0.0000059645
0.0000084224,0.0000080477,0.0000059645
0.0000084224,0.0000079954,0.0000059645
0.0000084224,0.0000079837,0.0000058335
0.0000084224,0.0000079892,0.0000058335
0.0000084224,0.0000080305,0.0000058335
0.0000084224,0.0000080187,0.0000058335
0.0000084224,0.0000079749,0.0000058335
0.0000084224,0.0000079229,0.0000058335
0.0000084224,0.0000079008,0.0000058335
0.0000084224,0.0000079014,0.0000058335
0.0000084224,0.0000078865,0.0000056708
0.0000084224,0.0000078910,0.0000056708
0.0000084224,0.0000079637,0.0000056708
0.0000084224,0.0000080561,0.0000056708
0.0000084224,0.0000080374,0.0000056708
0.0000084224,0.0000080341,0.0000056708
0.0000084224,0.0000079590,0.0000056708
0.0000084224,0.0000079165,0.0000056708
0.0000084224,0.0000079883,0.0000056708
0.0000084224,0.0000080099,0.0000059684
0.0000084224,0.0000080137,0.0000059684
0.0000084224,0.0000080622,0.0000059684
0.0000084224,0.0000080010,0.0000059684
0.0000084224,0.0000079732,0.0000057141
0.0000084224,0.0000079514,0.0000057141
0.0000084224,0.0000080393,0.0000057141
0.0000084224,0.0000080783,0.0000057141
0.0000084224,0.0000079950,0.0000057141
0.0000084224,0.0000080682,0.0000057141
0.0000084224,0.0000080137,0.0000057141
0.0000084224,0.0000080294,0.0000058007
0.0000084224,0.0000080690,0.0000058007
0.0000084224,0.0000080093,0.0000058007
0.0000084224,0.0000080646,0.0000058007
0.0000084224,0.0000079944,0.0000058007
0.0000084224,0.0000079494,0.0000058007
0.0000084224,0.0000078611,0.0000058007
0.0000084224,0.0000078111,0.0000058007
0.0000084224,0.0000078228,0.0000058007
0.0000084224,0.0000079072,0.0000058007
0.0000084224,0.0000079453,0.0000058007
0.0000084224,0.0000080337,0.0000058794
0.0000084224,0.0000079333,0.0000057724
0.0000084224,0.0000078480,0.0000057724
0.0000084224,0.0000078074,0.0000057724
0.0000084224,0.0000077814,0.0000057724
0.0000084224,0.0000077451,0.0000060184
0.0000084224,0.0000077276,0.0000060184
0.0000084224,0.0000077364,0.0000060184
0.0000084224,0.0000078250,0.0000060184
0.0000084224,0.0000079056,0.0000060184
0.0000084224,0.0000078723,0.0000060537
0.0000084224,0.0000079440,0.0000060537
0.0000084224,0.0000079087,0.0000060683
0.0000084224,0.0000079781,0.0000060683
0.0000084224,0.0000079729,0.0000058538
0.0000084224,0.0000079603,0.0000058538
0.0000084224,0.0000079496,0.0000058713
0.0000084224,0.0000079447,0.0000058713
0.0000084224,0.0000079753,0.0000058713
0.0000084224,0.0000079241,0.0000058713
0.0000084224,0.0000079684,0.0000058713
0.0000084224,0.0000080334,0.0000058713
0.0000084224,0.0000079898,0.0000058713
0.0000084224,0.0000079461,0.0000058713
0.0000084224,0.0000079280,0.0000058713
0.0000084224,0.0000079345,0.0000058713
0.0000084224,0.0000079937,0.0000058713
0.0000084224,0.0000079514,0.0000058713
0.0000084224,0.0000079445,0.0000058713
0.0000084224,0.0000079063,0.0000058713
0.0000084224,0.0000079450,0.0000058713
0.0000084224,0.0000079027,0.0000058713
0.0000084224,0.0000078511,0.0000058713
0.0000084224,0.0000078564,0.0000058713
0.0000084224,0.0000078044,0.0000057954
0.0000084224,0.0000078276,0.0000058713
0.0000084224,0.0000078266,0.0000057052
0.0000084224,0.0000078591,0.0000058713
0.0000084224,0.0000079047,0.0000058713
0.0000084224,0.0000078751,0.0000060153
0.0000084224,0.0000079646,0.0000060153
0.0000084224,0.0000079788,0.0000060153
0.0000084224,0.0000080069,0.0000060153
0.0000084224,0.0000079577,0.0000055022
0.0000084224,0.0000079331,0.0000055022
0.0000084224,0.0000080194,0.0000055022
0.0000084224,0.0000080619,0.0000055022
0.0000084224,0.0000080619,0.0000055022
0.0000084224,0.0000079622,0.0000055022
0.0000084224,0.0000078915,0.0000055022
0.0000084224,0.0000078860,0.0000055022
0.0000084224,0.0000078456,0.0000055022
0.0000084224,0.0000078947,0.0000055022
0.0000084224,0.0000079976,0.0000055271
0.0000084224,0.0000080027,0.0000055271
0.0000084224,0.0000080676,0.0000055271
0.0000084224,0.0000080202,0.0000055271
0.0000084224,0.0000079295,0.0000055271
0.0000084224,0.0000079348,0.0000055271
0.0000084224,0.0000079442,0.0000057653
0.0000084224,0.0000079217,0.0000057653
0.0000084224,0.0000079409,0.0000057653
0.0000084224,0.0000078802,0.0000057653
0.0000084224,0.0000079723,0.0000057653
0.0000084224,0.0000079649,0.0000057899
0.0000084224,0.0000079093,0.0000057899
0.0000084224,0.0000079957,0.0000057899
0.0000084224,0.0000079893,0.0000057899
0.0000084224,0.0000079560,0.0000057899
0.0000084224,0.0000079234,0.0000057899
0.0000084224,0.0000079193,0.0000057861
0.0000084224,0.0000079620,0.0000057861
0.0000084224,0.0000080570,0.0000057861
0.0000084224,0.0000080599,0.0000057861
0.0000084224,0.0000080117,0.0000057861
0.0000084224,0.0000079664,0.0000057861
0.0000084224,0.0000079544,0.0000057861
0.0000084224,0.0000079097,0.0000057861
